student_id,student_no,name,gender,grade,class,birth_date,contact_phone,email,admission_date,address,status,hukou_type,is_boarding,family_income,parent_education
1,202一0101,林杰,男,高一,高一4班,2009-11-01,15906480972,林杰600@example.com,2025-09-01,,在读,农村,是,高收入,研究生
2,202一0102,吴超,女,高一,高一2班,2009-02-06,18780128322,吴超253@example.com,2025-09-01,北京市东城区西大街56号,在读,农村,是,中等收入,本科
3,202一0103,张浩,男,高一,高一1班,2010-04-12,13663995371,张浩456@example.com,2025-09-01,北京市朝阳区北大街77号,在读,农村,是,中等收入,初中
4,202一0104,郭雪,女,高一,高一3班,2008-04-14,15967293196,郭雪720@example.com,2025-09-01,北京市西城区南大街23号,休学,农村,是,中等收入,研究生
5,202一0105,王超,女,高一,高一3班,2010-04-07,17819757857,王超383@example.com,2025-09-01,北京市朝阳区南大街100号,休学,农村,是,中等收入,研究生
6,202一0106,高超,女,高一,高一7班,2010-09-05,13538232541,高超296@example.com,2025-09-01,北京市西城区科技路20号,在读,城镇,否,高收入,高中
7,202一0107,郭雪,女,高一,高一3班,2007-01-27,13696199201,郭雪830@example.com,2025-09-01,北京市东城区南大街28号,在读,农村,是,中等收入,高中
8,202一0108,何杰,男,高一,高一3班,2007-02-28,15245050674,何杰879@example.com,2025-09-01,北京市东城区科技路4号,在读,农村,否,中等收入,研究生
9,202一0109,郭勇,男,高一,高一6班,2010-06-22,13780920691,郭勇907@example.com,2025-09-01,北京市海淀区东大街6号,在读,城镇,是,中等收入,初中
10,202一0110,杨雪,女,高一,高一3班,2009-08-04,15074170970,,2025-09-01,北京市石景山区北大街14号,转学,农村,是,低收入,高中
11,202一0111,杨勇,男,高一,高一3班,2007-09-11,13653961185,杨勇212@example.com,2025-09-01,,转学,城镇,是,低收入,研究生
12,202一0112,王芳,女,高一,高一7班,2010-07-01,17868065048,王芳417@example.com,2025-09-01,,在读,城镇,是,高收入,初中
13,202一0113,郭宇,男,高一,高一2班,2007-01-08,13460522185,郭宇840@example.com,2025-09-01,北京市丰台区东大街11号,在读,城镇,否,中等收入,研究生
14,202一0114,高玲,男,高一,高一2班,2007-02-03,13515803400,高玲373@example.com,2025-09-01,北京市东城区幸福路74号,转学,城镇,是,高收入,高中
15,202一0115,罗超,女,高一,高一1班,2010-11-19,13658991291,罗超970@example.com,2025-09-01,北京市顺义区科技路96号,在读,农村,是,高收入,初中
16,202一0116,李敏,男,高一,高一4班,2007-04-04,15967488751,李敏886@example.com,2025-09-01,北京市西城区东大街54号,休学,城镇,是,中等收入,大专
17,202一0117,李娜,男,高一,高一8班,2009-07-03,18421789185,李娜975@example.com,2025-09-01,,在读,农村,否,低收入,初中
18,202一0118,胡秀,女,高一,高一6班,2008-12-13,15860331568,胡秀310@example.com,2025-09-01,北京市丰台区幸福路23号,在读,农村,是,中等收入,初中
19,202一0119,何秀,女,高一,高一5班,2009-08-22,15153690123,何秀139@example.com,2025-09-01,北京市顺义区北大街73号,在读,农村,是,中等收入,大专
20,202一0120,王丽,女,高一,高一3班,2009-06-18,15913695594,王丽219@example.com,2025-09-01,北京市东城区科技路42号,在读,城镇,否,中等收入,本科
21,202一0121,周雪,女,高一,高一5班,2007-03-14,18467993192,周雪649@example.com,2025-09-01,北京市朝阳区东大街59号,在读,农村,否,中等收入,高中
22,202一0122,杨英,男,高一,高一8班,2007-09-03,,杨英861@example.com,2025-09-01,北京市石景山区南大街17号,在读,城镇,是,高收入,高中
23,202一0123,张世苗,男,高一,高一6班,2008-10-08,15771649363,,2025-09-01,北京市顺义区西大街72号,在读,农村,是,高收入,初中
24,202一0224,周涛,女,高一,高一7班,2008-02-05,17838293530,周涛959@example.com,2025-09-01,北京市海淀区幸福路15号,在读,农村,否,中等收入,研究生
25,202一0225,何杰,女,高一,高一8班,2008-06-10,13507250283,何杰264@example.com,2025-09-01,北京市朝阳区西大街98号,在读,城镇,否,中等收入,高中
26,202一0226,马涛,男,高一,高一7班,2009-04-29,13623435426,马涛912@example.com,2025-09-01,北京市丰台区西大街46号,在读,城镇,否,中等收入,初中
27,202一0227,张英,女,高一,高一7班,2007-07-29,17801804470,张英834@example.com,2025-09-01,北京市朝阳区南大街66号,在读,农村,否,中等收入,高中
28,202一0228,徐静雅,男,高一,高一2班,2008-11-28,13419425350,徐静雅956@example.com,2025-09-01,北京市顺义区西大街42号,在读,城镇,是,低收入,研究生
29,202一0229,孙明,男,高一,高一6班,2009-02-19,13896929922,孙明181@example.com,2025-09-01,,在读,城镇,是,中等收入,大专
30,202一0230,郭磊宇,男,高一,高一1班,2009-04-01,18720711275,郭磊宇990@example.com,2025-09-01,北京市朝阳区幸福路23号,转学,农村,是,中等收入,本科
31,202一0231,张涛,女,高一,高一4班,2010-04-25,13537883813,张涛645@example.com,2025-09-01,北京市朝阳区北大街74号,在读,城镇,是,中等收入,初中
32,202一0232,高静雅,男,高一,高一5班,2008-07-22,18457001715,高静雅702@example.com,2025-09-01,北京市丰台区西大街18号,在读,农村,是,中等收入,初中
33,202一0233,高超,男,高一,高一8班,2008-06-03,13660169138,高超141@example.com,2025-09-01,北京市西城区南大街50号,在读,农村,否,中等收入,本科
34,202一0234,刘雪,男,高一,高一2班,2009-03-09,15950517287,刘雪413@example.com,2025-09-01,北京市丰台区科技路6号,在读,农村,是,中等收入,高中
35,202一0235,杨明,女,高一,高一4班,2009-03-25,15241216056,杨明951@example.com,2025-09-01,北京市西城区东大街73号,在读,农村,是,中等收入,研究生
36,202一0236,李娜,女,高一,高一3班,2009-02-21,18762403411,李娜132@example.com,2025-09-01,北京市西城区西大街22号,在读,城镇,是,高收入,高中
37,202一0237,吴轩,男,高一,高一8班,2007-02-05,18477387391,吴轩980@example.com,2025-09-01,,在读,农村,是,中等收入,大专
38,202一0238,吴勇,男,高一,高一8班,2009-10-22,15786282313,,2025-09-01,北京市顺义区北大街75号,在读,农村,否,中等收入,大专
39,202一0239,胡世苗,男,高一,高一1班,2010-03-06,18364355680,胡世苗630@example.com,2025-09-01,北京市朝阳区南大街45号,转学,城镇,是,低收入,本科
40,202一0240,王雪,男,高一,高一2班,2009-03-02,13909527358,王雪242@example.com,2025-09-01,北京市丰台区北大街63号,在读,农村,否,中等收入,高中
41,202一0241,黄娜,男,高一,高一8班,2010-09-25,13468595610,黄娜668@example.com,2025-09-01,北京市海淀区科技路48号,休学,城镇,是,中等收入,大专
42,202一0242,林静雅,男,高一,高一7班,2009-01-13,13969542950,林静雅347@example.com,2025-09-01,北京市石景山区北大街66号,在读,农村,是,中等收入,本科
43,202一0243,郭芳,女,高一,高一3班,2008-07-03,13992562380,郭芳326@example.com,2025-09-01,北京市丰台区东大街93号,在读,农村,否,中等收入,初中
44,202一0244,胡燕,女,高一,高一5班,2010-09-15,15222401197,胡燕830@example.com,2025-09-01,北京市西城区东大街81号,在读,农村,是,中等收入,高中
45,202一0245,何丽,男,高一,高一2班,2007-10-19,18462424245,何丽543@example.com,2025-09-01,北京市海淀区科技路96号,转学,城镇,否,低收入,高中
46,202一0346,吴丽,女,高一,高一7班,2009-12-07,15744348565,吴丽175@example.com,2025-09-01,北京市顺义区南大街45号,在读,城镇,否,中等收入,大专
47,202一0347,林秀,女,高一,高一1班,2010-03-13,17833650420,林秀893@example.com,2025-09-01,北京市石景山区东大街96号,在读,农村,是,高收入,初中
48,202一0348,赵燕,女,高一,高一1班,2010-11-24,18304437705,赵燕757@example.com,2025-09-01,北京市西城区北大街38号,转学,农村,否,中等收入,本科
49,202一0349,马超,男,高一,高一7班,2007-11-26,17835273988,马超610@example.com,2025-09-01,北京市顺义区东大街20号,休学,城镇,否,中等收入,本科
50,202一0350,赵强,男,高一,高一6班,2009-05-08,17811548446,赵强868@example.com,2025-09-01,,在读,城镇,否,中等收入,本科
51,202一0351,林涛,男,高一,高一6班,2009-10-09,,林涛700@example.com,2025-09-01,,在读,城镇,是,中等收入,大专
52,202一0352,胡敏,女,高一,高一2班,2008-07-30,18429427013,胡敏287@example.com,2025-09-01,北京市海淀区东大街40号,在读,农村,否,高收入,高中
53,202一0353,马超,女,高一,高一7班,2009-10-12,18818569017,,2025-09-01,北京市东城区南大街1号,在读,农村,是,中等收入,高中
54,202一0354,何燕,女,高一,高一1班,2009-08-31,13947930436,何燕813@example.com,2025-09-01,北京市顺义区南大街98号,在读,农村,是,低收入,高中
55,202一0355,胡浩,男,高一,高一6班,2009-08-31,,胡浩450@example.com,2025-09-01,北京市顺义区东大街32号,休学,城镇,是,低收入,研究生
56,202一0356,王静雅,女,高一,高一6班,2007-11-22,,王静雅738@example.com,2025-09-01,,在读,农村,是,高收入,本科
57,202一0357,罗芳,女,高一,高一7班,2010-07-20,15701211658,罗芳681@example.com,2025-09-01,北京市西城区南大街15号,转学,城镇,是,中等收入,高中
58,202一0358,杨勇,女,高一,高一6班,2007-04-06,18728339414,杨勇633@example.com,2025-09-01,,在读,城镇,否,高收入,研究生
59,202一0359,孙明,女,高一,高一7班,2009-01-01,18297364685,孙明228@example.com,2025-09-01,北京市西城区科技路99号,在读,农村,否,低收入,研究生
60,202一0360,徐燕,女,高一,高一8班,2009-06-14,15961146208,徐燕769@example.com,2025-09-01,北京市西城区南大街67号,在读,城镇,是,高收入,高中
61,202一0361,赵玲,男,高一,高一3班,2008-08-25,,赵玲263@example.com,2025-09-01,北京市石景山区东大街26号,转学,农村,是,高收入,本科
62,202一0362,郭轩,男,高一,高一8班,2009-07-31,15980651855,郭轩229@example.com,2025-09-01,北京市东城区科技路24号,在读,城镇,是,中等收入,高中
63,202一0363,陈静雅,男,高一,高一8班,2008-01-15,13585029383,陈静雅916@example.com,2025-09-01,北京市海淀区幸福路19号,休学,城镇,否,中等收入,高中
64,202一0364,周世苗,男,高一,高一8班,2010-04-20,15128127102,周世苗413@example.com,2025-09-01,,休学,农村,否,中等收入,大专
65,202一0365,孙明,女,高一,高一7班,2008-09-12,18376954326,孙明211@example.com,2025-09-01,北京市朝阳区北大街38号,在读,农村,是,中等收入,高中
66,202一0366,徐勇,女,高一,高一7班,2007-04-23,13759252799,,2025-09-01,北京市西城区西大街84号,在读,城镇,否,中等收入,高中
67,202一0367,郭超,女,高一,高一1班,2009-05-12,13662984409,郭超406@example.com,2025-09-01,北京市西城区西大街58号,休学,农村,是,低收入,高中
68,202一0368,黄杰,男,高一,高一2班,2010-08-06,15744148963,黄杰158@example.com,2025-09-01,北京市顺义区科技路22号,在读,农村,否,高收入,研究生
69,202一0469,高燕,男,高一,高一8班,2008-03-09,18464393783,高燕523@example.com,2025-09-01,北京市西城区幸福路17号,在读,城镇,否,中等收入,初中
70,202一0470,林丽,女,高一,高一1班,2009-04-03,15998647149,,2025-09-01,北京市东城区南大街19号,在读,城镇,是,中等收入,本科
71,202一0471,孙英,男,高一,高一4班,2010-08-21,,孙英410@example.com,2025-09-01,北京市西城区东大街72号,在读,城镇,是,中等收入,高中
72,202一0472,孙秀,女,高一,高一4班,2008-07-11,15867071026,孙秀215@example.com,2025-09-01,,在读,城镇,否,高收入,高中
73,202一0473,林超,女,高一,高一5班,2008-07-31,13925429407,,2025-09-01,北京市顺义区北大街11号,在读,农村,是,中等收入,高中
74,202一0474,罗勇,男,高一,高一4班,2008-03-24,18849417061,罗勇455@example.com,2025-09-01,北京市海淀区幸福路51号,在读,城镇,否,高收入,大专
75,202一0475,刘燕,男,高一,高一2班,2010-02-21,15259233234,刘燕873@example.com,2025-09-01,北京市丰台区东大街59号,转学,农村,是,中等收入,初中
76,202一0476,郭世苗,女,高一,高一4班,2008-05-15,18281995017,郭世苗990@example.com,2025-09-01,北京市顺义区科技路94号,在读,城镇,是,高收入,大专
77,202一0477,周世苗,女,高一,高一2班,2007-05-05,17845173157,周世苗707@example.com,2025-09-01,北京市丰台区南大街57号,在读,城镇,否,低收入,初中
78,202一0478,胡英,女,高一,高一4班,2007-08-14,15959150520,胡英880@example.com,2025-09-01,北京市顺义区幸福路11号,在读,农村,否,低收入,研究生
79,202一0479,徐静雅,男,高一,高一3班,2007-03-29,18269433724,徐静雅305@example.com,2025-09-01,北京市顺义区幸福路68号,在读,农村,否,中等收入,高中
80,202一0480,罗娜,女,高一,高一3班,2007-09-09,18428080319,罗娜981@example.com,2025-09-01,北京市丰台区西大街94号,在读,城镇,否,高收入,高中
81,202一0481,高秀,男,高一,高一7班,2009-05-21,13623408595,高秀290@example.com,2025-09-01,北京市石景山区南大街39号,在读,农村,是,高收入,大专
82,202一0482,陈英,女,高一,高一5班,2008-02-27,15833780594,陈英554@example.com,2025-09-01,北京市石景山区西大街83号,在读,城镇,是,中等收入,高中
83,202一0483,陈世苗,男,高一,高一3班,2008-05-15,18348700809,陈世苗953@example.com,2025-09-01,北京市丰台区南大街20号,在读,城镇,是,低收入,大专
84,202一0484,郭勇,女,高一,高一4班,2010-10-05,18862039117,郭勇545@example.com,2025-09-01,北京市朝阳区东大街23号,在读,城镇,否,中等收入,研究生
85,202一0485,徐杰,男,高一,高一4班,2010-06-05,,徐杰713@example.com,2025-09-01,北京市顺义区科技路94号,在读,农村,否,低收入,高中
86,202一0486,罗雪,男,高一,高一5班,2007-12-12,,罗雪466@example.com,2025-09-01,,在读,农村,是,中等收入,大专
87,202一0487,林涛,男,高一,高一5班,2010-07-06,15954509557,林涛835@example.com,2025-09-01,北京市海淀区北大街5号,在读,城镇,否,低收入,高中
88,202一0488,林燕,男,高一,高一2班,2008-04-22,15887591348,林燕937@example.com,2025-09-01,北京市丰台区南大街92号,在读,农村,否,低收入,研究生
89,202一0489,孙静雅,女,高一,高一2班,2009-06-25,18737518487,孙静雅200@example.com,2025-09-01,北京市西城区科技路77号,休学,农村,是,中等收入,高中
90,202一0590,徐芳,男,高一,高一1班,2009-08-02,13776577775,徐芳682@example.com,2025-09-01,北京市石景山区南大街6号,在读,农村,是,中等收入,本科
91,202一0591,吴宇,女,高一,高一3班,2008-05-15,15133304658,吴宇153@example.com,2025-09-01,北京市石景山区科技路6号,转学,城镇,否,中等收入,大专
92,202一0592,郭燕,女,高一,高一5班,2009-05-11,17888485602,郭燕745@example.com,2025-09-01,,转学,农村,否,中等收入,高中
93,202一0593,陈涛,女,高一,高一7班,2009-03-22,15061520472,陈涛341@example.com,2025-09-01,北京市石景山区东大街78号,转学,农村,否,中等收入,高中
94,202一0594,马磊宇,男,高一,高一3班,2009-11-13,15769259785,马磊宇919@example.com,2025-09-01,北京市东城区东大街70号,休学,城镇,否,中等收入,高中
95,202一0595,陈浩,男,高一,高一2班,2010-05-27,18787404578,陈浩665@example.com,2025-09-01,北京市顺义区北大街44号,在读,城镇,是,高收入,高中
96,202一0596,黄超,女,高一,高一5班,2010-07-24,18774132161,黄超142@example.com,2025-09-01,,在读,城镇,否,低收入,研究生
97,202一0597,徐静雅,男,高一,高一5班,2010-06-03,15181201691,徐静雅679@example.com,2025-09-01,北京市东城区东大街31号,转学,农村,是,低收入,高中
98,202一0598,赵雪,男,高一,高一4班,2008-07-23,17834674668,赵雪784@example.com,2025-09-01,北京市朝阳区科技路31号,在读,城镇,是,高收入,大专
99,202一0599,杨涛,男,高一,高一7班,2007-11-23,15006987926,杨涛727@example.com,2025-09-01,北京市海淀区北大街41号,休学,农村,否,低收入,高中
100,202一05100,罗杰,男,高一,高一7班,2007-02-08,13501782320,罗杰750@example.com,2025-09-01,北京市朝阳区东大街31号,在读,农村,否,中等收入,大专
101,202一05101,何娜,男,高一,高一8班,2008-09-04,13525156962,何娜476@example.com,2025-09-01,北京市丰台区东大街19号,在读,农村,否,低收入,大专
102,202一05102,林涛,男,高一,高一6班,2008-06-03,13569747331,林涛302@example.com,2025-09-01,北京市石景山区科技路47号,在读,农村,否,中等收入,高中
103,202一05103,吴涛,女,高一,高一1班,2007-11-05,18321575336,吴涛531@example.com,2025-09-01,北京市朝阳区幸福路73号,在读,农村,否,中等收入,高中
104,202一05104,张勇,男,高一,高一7班,2009-06-03,18208467522,,2025-09-01,北京市顺义区幸福路93号,在读,城镇,否,中等收入,本科
105,202一05105,林勇,女,高一,高一4班,2010-01-22,15092470843,,2025-09-01,北京市海淀区幸福路12号,在读,城镇,否,高收入,高中
106,202一05106,徐浩,男,高一,高一5班,2007-10-15,18225830087,徐浩793@example.com,2025-09-01,北京市丰台区南大街43号,休学,城镇,否,低收入,研究生
107,202一05107,周雪,女,高一,高一4班,2007-02-25,18723874797,周雪338@example.com,2025-09-01,北京市丰台区东大街85号,转学,农村,否,中等收入,初中
108,202一05108,赵静雅,女,高一,高一7班,2009-01-24,15049212563,赵静雅535@example.com,2025-09-01,北京市西城区幸福路35号,在读,农村,否,中等收入,高中
109,202一05109,徐世苗,女,高一,高一5班,2009-11-22,13614197494,徐世苗918@example.com,2025-09-01,北京市海淀区科技路5号,在读,农村,否,中等收入,本科
110,202一06110,罗丽,女,高一,高一7班,2009-10-15,15211445955,罗丽139@example.com,2025-09-01,北京市顺义区科技路23号,转学,农村,是,中等收入,高中
111,202一06111,周宇,女,高一,高一7班,2009-09-17,15811166105,周宇340@example.com,2025-09-01,,在读,农村,是,低收入,研究生
112,202一06112,陈英,女,高一,高一8班,2008-10-18,18740461368,陈英834@example.com,2025-09-01,北京市朝阳区东大街22号,在读,城镇,是,低收入,高中
113,202一06113,罗轩,女,高一,高一8班,2010-09-01,18422224157,罗轩430@example.com,2025-09-01,北京市东城区东大街76号,转学,城镇,否,中等收入,本科
114,202一06114,罗雪,男,高一,高一1班,2010-06-07,15872408663,罗雪847@example.com,2025-09-01,北京市丰台区科技路52号,在读,农村,否,中等收入,本科
115,202一06115,李强,男,高一,高一5班,2010-06-09,15894689973,李强704@example.com,2025-09-01,北京市东城区幸福路63号,休学,农村,否,中等收入,高中
116,202一06116,李杰,男,高一,高一8班,2007-09-28,13710082674,李杰823@example.com,2025-09-01,北京市朝阳区东大街16号,在读,农村,是,高收入,高中
117,202一06117,刘涛,女,高一,高一3班,2008-12-25,18899190258,刘涛252@example.com,2025-09-01,北京市朝阳区南大街64号,在读,农村,是,中等收入,高中
118,202一06118,何娜,男,高一,高一2班,2010-01-23,18482950120,何娜897@example.com,2025-09-01,北京市海淀区东大街83号,休学,城镇,否,低收入,本科
119,202一06119,胡超,女,高一,高一5班,2010-06-30,18308416403,胡超442@example.com,2025-09-01,北京市东城区西大街30号,休学,城镇,是,中等收入,研究生
120,202一06120,何强,男,高一,高一2班,2009-05-02,15143492660,何强247@example.com,2025-09-01,北京市石景山区幸福路40号,在读,城镇,是,高收入,本科
121,202一06121,郭明,男,高一,高一8班,2009-10-29,18807111591,郭明614@example.com,2025-09-01,北京市东城区南大街52号,转学,城镇,是,低收入,高中
122,202一06122,林轩,女,高一,高一1班,2010-07-09,13958496345,林轩244@example.com,2025-09-01,北京市顺义区南大街13号,在读,农村,否,中等收入,研究生
123,202一06123,杨娜,女,高一,高一7班,2007-06-24,18816523736,,2025-09-01,北京市朝阳区南大街88号,转学,农村,是,中等收入,高中
124,202一06124,孙强,男,高一,高一8班,2008-03-14,18310734502,,2025-09-01,北京市西城区西大街59号,在读,农村,否,中等收入,高中
125,202一06125,林芳,女,高一,高一4班,2009-03-01,15829226002,林芳874@example.com,2025-09-01,,在读,农村,是,中等收入,初中
126,202一06126,杨轩,男,高一,高一8班,2008-02-21,17897668558,杨轩462@example.com,2025-09-01,北京市东城区南大街82号,在读,城镇,是,中等收入,本科
127,202一06127,林英,男,高一,高一8班,2010-05-25,13654381514,林英650@example.com,2025-09-01,北京市丰台区南大街25号,休学,城镇,是,中等收入,研究生
128,202一06128,吴世苗,男,高一,高一5班,2007-03-10,15297873438,吴世苗911@example.com,2025-09-01,北京市石景山区西大街24号,在读,城镇,否,中等收入,高中
129,202一06129,陈玲,女,高一,高一2班,2007-05-18,18803390398,陈玲547@example.com,2025-09-01,北京市西城区南大街94号,转学,农村,是,高收入,初中
130,202一07130,罗浩,男,高一,高一3班,2010-01-06,15197588304,罗浩143@example.com,2025-09-01,北京市朝阳区幸福路80号,在读,农村,否,中等收入,高中
131,202一07131,吴世苗,男,高一,高一6班,2009-12-14,13841604397,吴世苗694@example.com,2025-09-01,北京市海淀区幸福路74号,在读,城镇,是,高收入,大专
132,202一07132,李强,女,高一,高一1班,2007-12-13,18391759500,李强557@example.com,2025-09-01,北京市石景山区东大街58号,在读,城镇,是,高收入,本科
133,202一07133,罗轩,男,高一,高一4班,2010-08-06,15929204505,罗轩137@example.com,2025-09-01,北京市顺义区南大街69号,转学,农村,否,中等收入,研究生
134,202一07134,陈浩,男,高一,高一3班,2008-06-03,18390274249,,2025-09-01,北京市石景山区西大街80号,在读,农村,是,中等收入,本科
135,202一07135,王秀,女,高一,高一6班,2007-01-02,18761419001,王秀677@example.com,2025-09-01,北京市西城区西大街44号,在读,城镇,否,中等收入,高中
136,202一07136,徐静雅,女,高一,高一6班,2008-07-05,13850325336,徐静雅862@example.com,2025-09-01,北京市朝阳区东大街59号,休学,农村,否,高收入,大专
137,202一07137,罗杰,男,高一,高一6班,2008-08-14,13431439927,罗杰912@example.com,2025-09-01,北京市顺义区东大街11号,在读,农村,是,中等收入,本科
138,202一07138,孙玲,男,高一,高一7班,2010-04-30,13698849361,孙玲211@example.com,2025-09-01,北京市西城区科技路81号,转学,城镇,是,中等收入,研究生
139,202一07139,赵世苗,女,高一,高一6班,2009-09-10,15741286044,赵世苗400@example.com,2025-09-01,北京市朝阳区南大街85号,在读,农村,否,中等收入,大专
140,202一07140,王明,女,高一,高一4班,2007-01-29,17801294014,王明963@example.com,2025-09-01,北京市东城区幸福路7号,转学,农村,否,低收入,本科
141,202一07141,高敏,男,高一,高一5班,2009-09-23,13941984217,高敏509@example.com,2025-09-01,北京市西城区北大街36号,休学,城镇,是,中等收入,初中
142,202一07142,胡燕,男,高一,高一5班,2009-10-09,15711364146,胡燕687@example.com,2025-09-01,北京市石景山区幸福路15号,在读,城镇,否,低收入,高中
143,202一07143,王静雅,男,高一,高一3班,2008-11-02,13791566669,,2025-09-01,北京市西城区东大街76号,转学,城镇,是,中等收入,本科
144,202一07144,高英,男,高一,高一8班,2009-02-01,15722906875,高英221@example.com,2025-09-01,北京市东城区东大街31号,休学,城镇,否,中等收入,高中
145,202一07145,高秀,女,高一,高一5班,2007-10-13,13608950153,高秀398@example.com,2025-09-01,北京市西城区幸福路74号,转学,城镇,否,高收入,初中
146,202一07146,朱静雅,男,高一,高一3班,2007-06-30,,朱静雅704@example.com,2025-09-01,北京市海淀区科技路22号,在读,农村,是,低收入,初中
147,202一07147,胡勇,女,高一,高一7班,2007-12-19,,胡勇329@example.com,2025-09-01,北京市朝阳区东大街89号,在读,农村,是,中等收入,大专
148,202一07148,孙世苗,男,高一,高一7班,2009-02-01,15098832605,,2025-09-01,北京市朝阳区幸福路73号,在读,农村,是,中等收入,研究生
149,202一07149,王雪,女,高一,高一1班,2008-07-11,15276549971,王雪700@example.com,2025-09-01,,在读,城镇,是,中等收入,本科
150,202一07150,胡雪,女,高一,高一8班,2010-03-12,13913673071,胡雪926@example.com,2025-09-01,北京市朝阳区南大街36号,在读,农村,是,中等收入,高中
151,202一07151,吴雪,女,高一,高一3班,2008-12-06,15094453336,吴雪249@example.com,2025-09-01,,转学,农村,否,低收入,研究生
152,202一07152,林杰,男,高一,高一2班,2009-02-08,15109060499,林杰930@example.com,2025-09-01,北京市顺义区幸福路72号,休学,农村,否,低收入,初中
153,202一07153,徐英,女,高一,高一6班,2010-05-19,15989188675,徐英119@example.com,2025-09-01,北京市石景山区科技路46号,休学,农村,是,中等收入,高中
154,202一07154,杨敏,男,高一,高一5班,2007-11-05,15735769543,杨敏376@example.com,2025-09-01,北京市西城区东大街100号,在读,城镇,否,中等收入,本科
155,202一08155,胡宇,女,高一,高一5班,2010-06-21,13645154712,胡宇126@example.com,2025-09-01,北京市丰台区西大街91号,在读,农村,否,中等收入,高中
156,202一08156,杨杰,女,高一,高一5班,2009-03-13,13885053862,,2025-09-01,北京市顺义区科技路1号,休学,农村,否,中等收入,大专
157,202一08157,吴秀,女,高一,高一8班,2007-11-11,18824651097,吴秀644@example.com,2025-09-01,,休学,农村,否,中等收入,研究生
158,202一08158,林静雅,男,高一,高一7班,2008-05-20,15874737672,林静雅241@example.com,2025-09-01,北京市朝阳区西大街28号,休学,城镇,是,低收入,高中
159,202一08159,何强,男,高一,高一1班,2010-12-26,17858187938,何强266@example.com,2025-09-01,北京市丰台区西大街81号,在读,城镇,否,中等收入,初中
160,202一08160,李磊宇,男,高一,高一2班,2007-07-03,18748647852,李磊宇546@example.com,2025-09-01,北京市丰台区东大街45号,在读,城镇,是,中等收入,研究生
161,202一08161,孙静雅,女,高一,高一3班,2008-02-20,15167938780,孙静雅351@example.com,2025-09-01,北京市海淀区北大街74号,在读,城镇,是,低收入,本科
162,202一08162,朱敏,男,高一,高一7班,2010-12-03,13498265813,朱敏899@example.com,2025-09-01,北京市朝阳区东大街58号,在读,农村,否,中等收入,研究生
163,202一08163,何丽,女,高一,高一1班,2009-05-07,15725630792,何丽201@example.com,2025-09-01,北京市海淀区科技路18号,转学,城镇,是,高收入,研究生
164,202一08164,杨敏,女,高一,高一5班,2010-08-16,18303515153,杨敏569@example.com,2025-09-01,北京市丰台区北大街54号,休学,农村,是,中等收入,研究生
165,202一08165,何世苗,男,高一,高一4班,2007-07-29,13704824201,何世苗981@example.com,2025-09-01,北京市顺义区西大街32号,在读,农村,否,低收入,大专
166,202一08166,刘轩,女,高一,高一4班,2007-10-09,15054566692,刘轩321@example.com,2025-09-01,北京市东城区东大街18号,在读,城镇,是,高收入,研究生
167,202一08167,朱英,男,高一,高一5班,2009-08-02,15274867087,朱英156@example.com,2025-09-01,北京市丰台区西大街50号,在读,城镇,是,低收入,本科
168,202一08168,黄英,女,高一,高一7班,2007-02-28,,黄英287@example.com,2025-09-01,北京市东城区北大街7号,休学,农村,否,中等收入,本科
169,202一08169,刘芳,女,高一,高一7班,2010-09-09,13980723113,刘芳381@example.com,2025-09-01,北京市顺义区科技路96号,在读,城镇,是,中等收入,大专
170,202一08170,胡芳,男,高一,高一2班,2010-05-30,13571472093,胡芳910@example.com,2025-09-01,北京市朝阳区幸福路67号,在读,农村,否,中等收入,本科
171,202一08171,胡涛,女,高一,高一1班,2010-06-06,18384267258,胡涛594@example.com,2025-09-01,北京市顺义区东大街16号,在读,城镇,否,高收入,研究生
172,202一08172,徐明,女,高一,高一1班,2010-05-13,18402478284,徐明323@example.com,2025-09-01,北京市海淀区幸福路68号,在读,农村,是,中等收入,大专
173,202一08173,王静雅,女,高一,高一2班,2009-12-28,15054851443,王静雅447@example.com,2025-09-01,北京市石景山区南大街86号,转学,农村,是,高收入,高中
174,202一08174,胡强,男,高一,高一8班,2009-02-04,13666518973,胡强855@example.com,2025-09-01,北京市海淀区科技路32号,休学,城镇,否,低收入,研究生
175,202一08175,马宇,男,高一,高一2班,2010-11-30,13606992003,马宇162@example.com,2025-09-01,北京市东城区幸福路12号,休学,城镇,是,中等收入,研究生
176,202一08176,黄轩,男,高一,高一2班,2009-04-07,15952643404,黄轩803@example.com,2025-09-01,北京市西城区南大街17号,在读,城镇,是,高收入,初中
177,202一08177,林秀,女,高一,高一4班,2009-11-03,13781444604,林秀364@example.com,2025-09-01,北京市石景山区北大街89号,转学,城镇,是,低收入,研究生
178,202二01178,吴敏,女,高二,高二5班,2007-04-08,15785411497,吴敏889@example.com,2024-09-01,北京市朝阳区南大街74号,在读,城镇,否,中等收入,初中
179,202二01179,刘杰,女,高二,高二8班,2008-12-23,13659932188,刘杰219@example.com,2024-09-01,北京市海淀区幸福路33号,在读,城镇,否,高收入,高中
180,202二01180,郭强,女,高二,高二4班,2008-10-03,,郭强355@example.com,2024-09-01,北京市石景山区北大街3号,在读,农村,否,中等收入,本科
181,202二01181,陈秀,男,高二,高二8班,2010-02-02,15153004472,陈秀252@example.com,2024-09-01,北京市顺义区西大街24号,在读,农村,是,中等收入,高中
182,202二01182,马静雅,男,高二,高二1班,2008-10-30,13618468194,马静雅935@example.com,2024-09-01,北京市西城区西大街46号,转学,农村,否,中等收入,大专
183,202二01183,朱宇,男,高二,高二8班,2008-08-26,18405776563,朱宇717@example.com,2024-09-01,北京市东城区东大街27号,在读,城镇,否,中等收入,高中
184,202二01184,周芳,女,高二,高二7班,2010-07-09,13915188936,,2024-09-01,,在读,农村,否,中等收入,初中
185,202二01185,陈轩,男,高二,高二7班,2009-06-16,15293019493,陈轩458@example.com,2024-09-01,,在读,农村,是,中等收入,本科
186,202二01186,周敏,男,高二,高二3班,2010-11-03,13616027469,周敏760@example.com,2024-09-01,北京市海淀区南大街53号,在读,农村,是,高收入,高中
187,202二01187,孙秀,男,高二,高二8班,2008-12-04,,孙秀403@example.com,2024-09-01,北京市东城区西大街6号,在读,城镇,否,中等收入,大专
188,202二01188,李明,女,高二,高二6班,2009-03-25,,李明721@example.com,2024-09-01,北京市海淀区西大街76号,在读,城镇,是,中等收入,高中
189,202二01189,朱丽,女,高二,高二1班,2009-07-27,15076602897,朱丽473@example.com,2024-09-01,北京市东城区科技路87号,休学,城镇,否,中等收入,高中
190,202二01190,陈明,男,高二,高二2班,2010-12-04,13490650220,陈明983@example.com,2024-09-01,北京市东城区南大街44号,转学,城镇,是,中等收入,初中
191,202二01191,高静雅,女,高二,高二8班,2008-11-03,15050727571,高静雅959@example.com,2024-09-01,北京市丰台区西大街76号,在读,农村,否,高收入,初中
192,202二01192,孙燕,女,高二,高二3班,2007-07-31,13807164690,孙燕628@example.com,2024-09-01,北京市海淀区幸福路55号,在读,农村,是,中等收入,高中
193,202二01193,周勇,男,高二,高二5班,2009-02-01,18255609702,周勇970@example.com,2024-09-01,北京市丰台区幸福路18号,在读,城镇,是,中等收入,研究生
194,202二01194,刘娜,男,高二,高二4班,2009-03-18,13965109323,刘娜617@example.com,2024-09-01,北京市东城区东大街67号,在读,农村,否,高收入,高中
195,202二01195,马磊宇,男,高二,高二7班,2008-05-29,13933558781,马磊宇439@example.com,2024-09-01,北京市石景山区北大街64号,休学,城镇,否,中等收入,高中
196,202二01196,陈敏,女,高二,高二8班,2007-01-30,18796341683,陈敏158@example.com,2024-09-01,北京市东城区东大街95号,在读,城镇,否,中等收入,研究生
197,202二01197,罗静雅,女,高二,高二4班,2008-01-31,15723560984,罗静雅983@example.com,2024-09-01,北京市西城区东大街60号,在读,城镇,否,中等收入,初中
198,202二01198,林燕,男,高二,高二7班,2007-08-16,13800400099,林燕825@example.com,2024-09-01,,休学,农村,是,中等收入,高中
199,202二01199,郭娜,女,高二,高二7班,2007-09-25,15025301613,郭娜191@example.com,2024-09-01,北京市东城区幸福路36号,转学,农村,是,中等收入,大专
200,202二01200,吴浩,男,高二,高二8班,2007-05-13,13773606158,吴浩696@example.com,2024-09-01,北京市石景山区科技路27号,转学,城镇,否,中等收入,研究生
201,202二01201,赵雪,女,高二,高二5班,2010-07-11,13877872794,赵雪548@example.com,2024-09-01,北京市西城区东大街70号,转学,农村,是,高收入,高中
202,202二02202,黄磊宇,女,高二,高二2班,2007-10-26,18712358823,,2024-09-01,北京市丰台区西大街96号,在读,城镇,是,中等收入,初中
203,202二02203,陈燕,女,高二,高二6班,2010-05-30,,陈燕885@example.com,2024-09-01,北京市顺义区科技路3号,在读,农村,否,低收入,高中
204,202二02204,孙英,女,高二,高二7班,2010-02-15,13555956418,孙英634@example.com,2024-09-01,北京市东城区南大街36号,在读,城镇,是,低收入,大专
205,202二02205,朱燕,男,高二,高二6班,2009-05-14,13698869978,朱燕977@example.com,2024-09-01,北京市西城区科技路89号,在读,农村,否,高收入,高中
206,202二02206,朱玲,女,高二,高二6班,2009-08-31,,朱玲111@example.com,2024-09-01,北京市石景山区科技路56号,在读,城镇,是,中等收入,初中
207,202二02207,徐雪,男,高二,高二4班,2008-11-22,15862018632,徐雪444@example.com,2024-09-01,北京市顺义区东大街54号,在读,农村,否,中等收入,高中
208,202二02208,刘强,男,高二,高二3班,2009-12-04,18445838470,刘强807@example.com,2024-09-01,,休学,城镇,是,高收入,本科
209,202二02209,杨浩,男,高二,高二6班,2009-09-23,13707099669,杨浩677@example.com,2024-09-01,,休学,农村,否,低收入,高中
210,202二02210,高敏,女,高二,高二6班,2010-06-05,13696196360,高敏790@example.com,2024-09-01,北京市朝阳区东大街29号,在读,农村,是,中等收入,本科
211,202二02211,高敏,女,高二,高二1班,2010-12-03,18885862851,高敏553@example.com,2024-09-01,北京市西城区北大街30号,转学,农村,是,高收入,大专
212,202二02212,朱敏,女,高二,高二1班,2008-08-30,15137893791,朱敏186@example.com,2024-09-01,北京市丰台区西大街97号,在读,农村,是,中等收入,初中
213,202二02213,徐玲,男,高二,高二7班,2007-04-19,18893869104,徐玲277@example.com,2024-09-01,北京市丰台区科技路75号,在读,城镇,否,低收入,高中
214,202二02214,王燕,男,高二,高二8班,2009-06-24,,王燕617@example.com,2024-09-01,北京市石景山区科技路40号,转学,城镇,否,中等收入,研究生
215,202二02215,黄燕,男,高二,高二6班,2010-08-08,17878575000,黄燕447@example.com,2024-09-01,北京市丰台区西大街94号,休学,农村,是,中等收入,高中
216,202二02216,马静雅,女,高二,高二8班,2008-04-26,13718145655,马静雅232@example.com,2024-09-01,北京市石景山区北大街29号,转学,农村,是,高收入,高中
217,202二02217,孙明,男,高二,高二3班,2008-03-13,17867925781,孙明815@example.com,2024-09-01,北京市东城区东大街9号,在读,城镇,是,中等收入,研究生
218,202二02218,郭强,女,高二,高二1班,2008-08-05,,郭强200@example.com,2024-09-01,北京市东城区南大街37号,在读,城镇,否,中等收入,初中
219,202二02219,朱世苗,女,高二,高二7班,2007-07-02,18795632279,,2024-09-01,北京市海淀区南大街72号,休学,城镇,是,低收入,初中
220,202二02220,陈燕,男,高二,高二3班,2008-05-29,15978597813,陈燕921@example.com,2024-09-01,北京市东城区北大街37号,转学,城镇,否,中等收入,大专
221,202二02221,罗轩,女,高二,高二2班,2007-04-08,13942706234,罗轩644@example.com,2024-09-01,北京市东城区西大街3号,在读,城镇,是,中等收入,高中
222,202二02222,黄芳,女,高二,高二2班,2007-08-24,15952795251,黄芳445@example.com,2024-09-01,北京市石景山区东大街74号,休学,农村,是,中等收入,大专
223,202二02223,张磊宇,女,高二,高二6班,2007-04-02,15076814949,张磊宇942@example.com,2024-09-01,北京市顺义区南大街16号,在读,城镇,是,低收入,高中
224,202二02224,孙涛,男,高二,高二8班,2008-08-03,15760269796,孙涛671@example.com,2024-09-01,北京市海淀区东大街47号,转学,城镇,否,高收入,初中
225,202二03225,陈世苗,男,高二,高二1班,2007-12-28,18860353547,陈世苗489@example.com,2024-09-01,北京市石景山区幸福路95号,休学,城镇,否,中等收入,初中
226,202二03226,胡超,女,高二,高二6班,2007-10-30,,胡超748@example.com,2024-09-01,北京市朝阳区幸福路89号,在读,农村,否,中等收入,本科
227,202二03227,张世苗,男,高二,高二6班,2008-04-25,18474792272,张世苗351@example.com,2024-09-01,北京市海淀区幸福路50号,在读,农村,否,中等收入,高中
228,202二03228,张勇,女,高二,高二8班,2009-11-14,17801503779,张勇137@example.com,2024-09-01,北京市西城区西大街81号,在读,城镇,是,中等收入,大专
229,202二03229,李浩,男,高二,高二3班,2009-12-04,18719417497,李浩924@example.com,2024-09-01,北京市丰台区西大街3号,休学,城镇,是,中等收入,初中
230,202二03230,郭娜,女,高二,高二8班,2009-08-24,17854596625,郭娜761@example.com,2024-09-01,北京市丰台区北大街17号,在读,农村,否,高收入,本科
231,202二03231,杨静雅,女,高二,高二7班,2007-04-15,15919507810,杨静雅234@example.com,2024-09-01,北京市顺义区科技路68号,在读,农村,否,高收入,大专
232,202二03232,郭秀,女,高二,高二1班,2008-02-15,15905358634,郭秀944@example.com,2024-09-01,北京市西城区西大街100号,在读,农村,否,中等收入,研究生
233,202二03233,孙宇,女,高二,高二3班,2007-12-22,13610781599,孙宇162@example.com,2024-09-01,北京市东城区幸福路52号,休学,农村,否,低收入,本科
234,202二03234,孙强,女,高二,高二4班,2010-11-16,15869861713,孙强993@example.com,2024-09-01,北京市顺义区幸福路73号,在读,城镇,否,低收入,高中
235,202二03235,吴浩,男,高二,高二6班,2007-05-19,17860313591,吴浩465@example.com,2024-09-01,北京市西城区东大街16号,在读,城镇,否,低收入,大专
236,202二03236,郭强,男,高二,高二5班,2008-01-17,13514073975,郭强248@example.com,2024-09-01,北京市海淀区西大街51号,转学,农村,是,中等收入,高中
237,202二03237,何宇,女,高二,高二2班,2010-06-05,18225830057,何宇767@example.com,2024-09-01,,在读,城镇,是,中等收入,研究生
238,202二03238,罗燕,女,高二,高二6班,2007-02-13,13787810825,罗燕875@example.com,2024-09-01,北京市朝阳区南大街30号,在读,城镇,否,高收入,高中
239,202二03239,赵玲,男,高二,高二8班,2007-03-01,13970672431,赵玲684@example.com,2024-09-01,北京市海淀区科技路45号,休学,农村,否,高收入,本科
240,202二03240,高丽,男,高二,高二7班,2008-01-01,18853336975,高丽580@example.com,2024-09-01,北京市顺义区南大街20号,在读,农村,否,高收入,高中
241,202二03241,罗杰,女,高二,高二5班,2008-08-24,15051019116,罗杰473@example.com,2024-09-01,北京市顺义区西大街43号,在读,农村,否,高收入,研究生
242,202二03242,黄宇,男,高二,高二8班,2010-11-11,15769369467,黄宇480@example.com,2024-09-01,北京市西城区科技路37号,转学,城镇,否,中等收入,本科
243,202二03243,杨磊宇,女,高二,高二5班,2008-11-03,18896724231,,2024-09-01,北京市顺义区幸福路10号,休学,农村,否,高收入,本科
244,202二03244,李芳,女,高二,高二1班,2010-02-05,13875567863,李芳206@example.com,2024-09-01,北京市顺义区北大街91号,在读,城镇,是,中等收入,本科
245,202二03245,朱超,女,高二,高二6班,2007-08-28,13508809281,朱超920@example.com,2024-09-01,北京市海淀区北大街11号,在读,农村,是,低收入,高中
246,202二03246,刘磊宇,男,高二,高二8班,2010-02-24,15918778025,刘磊宇143@example.com,2024-09-01,北京市东城区西大街73号,转学,农村,否,中等收入,高中
247,202二03247,孙明,男,高二,高二3班,2007-10-13,13673648972,孙明852@example.com,2024-09-01,北京市海淀区北大街66号,转学,农村,是,低收入,初中
248,202二03248,王杰,男,高二,高二4班,2009-06-25,18799860959,王杰150@example.com,2024-09-01,北京市石景山区北大街66号,在读,城镇,否,中等收入,初中
249,202二03249,林宇,男,高二,高二4班,2007-04-14,,林宇840@example.com,2024-09-01,,在读,城镇,是,低收入,高中
250,202二04250,吴玲,男,高二,高二8班,2007-08-28,15760855479,吴玲813@example.com,2024-09-01,北京市朝阳区西大街63号,在读,农村,是,中等收入,研究生
251,202二04251,张宇,女,高二,高二4班,2008-09-18,15950480625,张宇125@example.com,2024-09-01,北京市石景山区西大街44号,在读,农村,否,中等收入,大专
252,202二04252,郭明,男,高二,高二8班,2010-05-10,13874050249,郭明943@example.com,2024-09-01,北京市海淀区幸福路84号,在读,城镇,否,高收入,本科
253,202二04253,王英,男,高二,高二7班,2007-12-17,17845970842,王英725@example.com,2024-09-01,北京市石景山区科技路51号,在读,城镇,否,高收入,研究生
254,202二04254,李敏,女,高二,高二2班,2010-10-19,,李敏542@example.com,2024-09-01,北京市东城区西大街99号,在读,城镇,否,中等收入,研究生
255,202二04255,刘燕,女,高二,高二1班,2009-03-10,13898704110,刘燕598@example.com,2024-09-01,北京市朝阳区西大街17号,在读,城镇,是,中等收入,高中
256,202二04256,李超,男,高二,高二4班,2008-03-31,13766672996,李超810@example.com,2024-09-01,北京市石景山区幸福路16号,休学,农村,是,中等收入,本科
257,202二04257,林明,男,高二,高二6班,2009-01-17,18380598712,林明665@example.com,2024-09-01,北京市丰台区西大街73号,在读,城镇,否,高收入,初中
258,202二04258,林浩,女,高二,高二6班,2008-06-24,15876308681,林浩270@example.com,2024-09-01,北京市顺义区科技路4号,在读,农村,是,中等收入,研究生
259,202二04259,刘浩,男,高二,高二6班,2010-10-23,15236085423,刘浩947@example.com,2024-09-01,,在读,农村,否,中等收入,高中
260,202二04260,罗强,男,高二,高二5班,2008-02-03,18776960753,罗强996@example.com,2024-09-01,北京市顺义区东大街10号,在读,城镇,是,高收入,本科
261,202二04261,赵强,男,高二,高二1班,2009-12-03,13441239534,赵强920@example.com,2024-09-01,北京市东城区南大街3号,在读,农村,是,中等收入,研究生
262,202二04262,郭杰,男,高二,高二5班,2007-07-06,13705765087,郭杰608@example.com,2024-09-01,北京市丰台区西大街60号,在读,城镇,是,中等收入,研究生
263,202二04263,张娜,男,高二,高二1班,2008-11-22,18766686421,张娜230@example.com,2024-09-01,北京市顺义区南大街62号,在读,城镇,否,高收入,初中
264,202二04264,朱娜,女,高二,高二1班,2007-03-13,,朱娜104@example.com,2024-09-01,北京市顺义区科技路63号,在读,城镇,是,中等收入,初中
265,202二04265,高杰,男,高二,高二1班,2007-09-08,13972616494,高杰757@example.com,2024-09-01,北京市顺义区幸福路92号,在读,农村,否,中等收入,初中
266,202二04266,周勇,女,高二,高二7班,2007-04-06,13563369357,周勇463@example.com,2024-09-01,北京市海淀区西大街83号,在读,农村,否,中等收入,初中
267,202二04267,陈雪,女,高二,高二1班,2009-01-17,13543070578,陈雪883@example.com,2024-09-01,北京市丰台区科技路73号,休学,城镇,否,低收入,初中
268,202二04268,朱明,女,高二,高二7班,2010-11-07,18386520626,朱明527@example.com,2024-09-01,北京市石景山区南大街96号,在读,城镇,是,中等收入,研究生
269,202二04269,杨英,女,高二,高二8班,2007-10-08,18280999042,杨英963@example.com,2024-09-01,北京市西城区北大街16号,休学,城镇,是,低收入,初中
270,202二05270,林玲,男,高二,高二2班,2008-06-21,13412636379,林玲600@example.com,2024-09-01,北京市顺义区幸福路57号,在读,城镇,是,低收入,高中
271,202二05271,罗超,女,高二,高二6班,2008-09-09,13414971725,罗超720@example.com,2024-09-01,北京市顺义区科技路9号,转学,农村,否,中等收入,高中
272,202二05272,郭静雅,女,高二,高二2班,2010-09-07,15764662623,郭静雅727@example.com,2024-09-01,北京市石景山区南大街68号,在读,农村,是,中等收入,高中
273,202二05273,高强,女,高二,高二7班,2007-11-16,15245835899,高强579@example.com,2024-09-01,北京市东城区幸福路10号,在读,城镇,是,中等收入,高中
274,202二05274,高宇,男,高二,高二3班,2009-03-24,18410292610,高宇454@example.com,2024-09-01,北京市石景山区幸福路83号,在读,城镇,否,中等收入,高中
275,202二05275,孙雪,女,高二,高二8班,2010-10-24,13857336669,孙雪511@example.com,2024-09-01,北京市海淀区东大街45号,休学,城镇,否,中等收入,高中
276,202二05276,张燕,男,高二,高二3班,2010-01-15,,张燕526@example.com,2024-09-01,北京市顺义区东大街77号,休学,农村,是,中等收入,初中
277,202二05277,孙宇,男,高二,高二3班,2008-03-01,15216851645,孙宇661@example.com,2024-09-01,北京市海淀区西大街87号,在读,农村,是,低收入,高中
278,202二05278,陈芳,男,高二,高二8班,2010-07-11,15194908805,陈芳812@example.com,2024-09-01,,休学,农村,否,中等收入,高中
279,202二05279,陈英,女,高二,高二1班,2008-03-28,13838223143,陈英668@example.com,2024-09-01,北京市西城区北大街16号,在读,城镇,否,低收入,高中
280,202二05280,李娜,男,高二,高二3班,2007-04-10,18445955481,李娜979@example.com,2024-09-01,北京市丰台区幸福路21号,在读,城镇,是,中等收入,大专
281,202二05281,高杰,女,高二,高二1班,2007-04-21,13679353878,高杰937@example.com,2024-09-01,北京市顺义区东大街56号,在读,农村,否,中等收入,高中
282,202二05282,孙娜,男,高二,高二8班,2007-10-27,13690541131,,2024-09-01,北京市顺义区南大街10号,转学,农村,否,中等收入,研究生
283,202二05283,王轩,男,高二,高二7班,2009-02-24,13657894646,王轩811@example.com,2024-09-01,北京市顺义区科技路61号,转学,城镇,是,低收入,高中
284,202二05284,李磊宇,男,高二,高二5班,2009-06-09,18499821058,李磊宇498@example.com,2024-09-01,北京市朝阳区东大街83号,在读,城镇,否,中等收入,初中
285,202二05285,胡世苗,男,高二,高二6班,2007-06-25,18346765461,胡世苗709@example.com,2024-09-01,北京市石景山区西大街43号,休学,农村,是,中等收入,研究生
286,202二05286,黄敏,女,高二,高二1班,2008-05-08,13704278631,,2024-09-01,,在读,城镇,否,中等收入,高中
287,202二05287,徐强,女,高二,高二2班,2007-03-11,13703733987,徐强971@example.com,2024-09-01,北京市顺义区东大街74号,在读,农村,否,中等收入,高中
288,202二05288,黄浩,男,高二,高二4班,2009-04-28,13630720675,黄浩481@example.com,2024-09-01,北京市海淀区北大街83号,在读,农村,是,中等收入,大专
289,202二05289,赵杰,女,高二,高二1班,2008-12-25,18281691303,赵杰982@example.com,2024-09-01,北京市西城区西大街80号,在读,农村,否,中等收入,高中
290,202二05290,胡强,男,高二,高二5班,2009-08-14,18826126292,胡强905@example.com,2024-09-01,北京市朝阳区南大街32号,在读,城镇,否,低收入,初中
291,202二05291,周世苗,男,高二,高二2班,2009-05-29,18876451021,周世苗822@example.com,2024-09-01,北京市东城区北大街32号,转学,农村,是,高收入,大专
292,202二05292,杨雪,男,高二,高二7班,2010-11-18,18815374277,,2024-09-01,北京市海淀区幸福路45号,在读,城镇,否,中等收入,大专
293,202二05293,郭强,女,高二,高二2班,2008-05-24,18849987294,郭强437@example.com,2024-09-01,北京市东城区南大街82号,在读,城镇,是,中等收入,研究生
294,202二05294,王强,男,高二,高二6班,2008-05-04,15811684419,王强296@example.com,2024-09-01,北京市西城区科技路68号,休学,城镇,是,中等收入,本科
295,202二06295,赵敏,男,高二,高二7班,2009-01-09,15952759057,,2024-09-01,北京市朝阳区南大街87号,在读,城镇,是,低收入,研究生
296,202二06296,周雪,男,高二,高二5班,2010-02-15,13599292616,周雪652@example.com,2024-09-01,北京市丰台区幸福路17号,在读,城镇,是,中等收入,大专
297,202二06297,高超,女,高二,高二4班,2010-01-05,,高超917@example.com,2024-09-01,北京市东城区东大街63号,在读,农村,否,中等收入,大专
298,202二06298,王明,女,高二,高二3班,2008-02-03,13577804238,王明884@example.com,2024-09-01,北京市东城区西大街75号,在读,城镇,是,高收入,大专
299,202二06299,张静雅,女,高二,高二4班,2007-05-19,,张静雅188@example.com,2024-09-01,北京市东城区西大街20号,转学,城镇,是,中等收入,大专
300,202二06300,徐杰,女,高二,高二7班,2010-03-03,13979406229,徐杰642@example.com,2024-09-01,北京市西城区北大街33号,在读,城镇,是,中等收入,高中
301,202二06301,朱英,女,高二,高二4班,2008-03-21,13695136554,朱英786@example.com,2024-09-01,北京市顺义区南大街61号,在读,农村,是,中等收入,大专
302,202二06302,郭雪,男,高二,高二4班,2009-03-25,15943849221,郭雪271@example.com,2024-09-01,北京市西城区东大街69号,转学,农村,否,中等收入,本科
303,202二06303,林明,女,高二,高二8班,2009-01-05,18875639227,林明130@example.com,2024-09-01,北京市东城区西大街86号,休学,城镇,否,中等收入,初中
304,202二06304,王燕,男,高二,高二2班,2008-01-12,,王燕267@example.com,2024-09-01,北京市丰台区幸福路88号,在读,城镇,是,中等收入,本科
305,202二06305,吴涛,女,高二,高二7班,2009-11-27,15755483396,吴涛774@example.com,2024-09-01,北京市顺义区南大街38号,转学,城镇,是,中等收入,研究生
306,202二06306,王世苗,男,高二,高二8班,2010-05-30,13485217743,,2024-09-01,北京市东城区南大街1号,休学,城镇,是,中等收入,研究生
307,202二06307,高轩,女,高二,高二5班,2010-03-01,18229514165,高轩102@example.com,2024-09-01,北京市东城区西大街26号,在读,城镇,是,中等收入,高中
308,202二06308,李杰,男,高二,高二4班,2008-03-14,18700138896,李杰505@example.com,2024-09-01,北京市丰台区南大街88号,休学,城镇,是,低收入,本科
309,202二06309,王明,男,高二,高二5班,2009-07-04,13814815822,王明537@example.com,2024-09-01,北京市海淀区南大街41号,休学,农村,否,中等收入,高中
310,202二06310,胡宇,男,高二,高二3班,2009-07-22,13818911874,,2024-09-01,北京市海淀区北大街100号,在读,农村,是,高收入,初中
311,202二06311,黄勇,男,高二,高二7班,2008-02-15,,黄勇333@example.com,2024-09-01,北京市东城区西大街20号,在读,农村,否,高收入,研究生
312,202二06312,赵宇,女,高二,高二3班,2010-06-05,13617714027,赵宇611@example.com,2024-09-01,北京市东城区西大街25号,休学,农村,是,中等收入,高中
313,202二06313,杨娜,男,高二,高二7班,2010-03-10,18200107936,杨娜916@example.com,2024-09-01,北京市东城区科技路47号,在读,农村,否,中等收入,大专
314,202二06314,杨秀,女,高二,高二1班,2008-10-18,13520758288,杨秀281@example.com,2024-09-01,北京市石景山区南大街87号,休学,农村,是,低收入,高中
315,202二07315,刘敏,女,高二,高二6班,2010-07-24,13933208005,刘敏288@example.com,2024-09-01,北京市顺义区南大街59号,转学,城镇,是,中等收入,研究生
316,202二07316,周勇,女,高二,高二3班,2009-03-10,13434692963,周勇105@example.com,2024-09-01,,在读,农村,否,低收入,高中
317,202二07317,罗涛,男,高二,高二3班,2007-07-24,15775117256,罗涛933@example.com,2024-09-01,北京市东城区科技路16号,在读,农村,是,中等收入,本科
318,202二07318,王超,女,高二,高二3班,2008-06-19,18708350156,,2024-09-01,北京市海淀区科技路58号,在读,城镇,否,低收入,初中
319,202二07319,张雪,女,高二,高二8班,2010-06-25,13803427859,张雪744@example.com,2024-09-01,北京市顺义区南大街69号,转学,城镇,否,高收入,研究生
320,202二07320,吴敏,女,高二,高二4班,2010-08-23,18736988968,吴敏698@example.com,2024-09-01,北京市海淀区南大街72号,在读,农村,否,中等收入,高中
321,202二07321,刘明,女,高二,高二1班,2007-06-03,17811155705,刘明665@example.com,2024-09-01,北京市海淀区北大街39号,在读,城镇,是,中等收入,大专
322,202二07322,王勇,女,高二,高二5班,2007-08-02,13858216092,王勇236@example.com,2024-09-01,北京市海淀区幸福路99号,在读,城镇,是,中等收入,研究生
323,202二07323,马超,男,高二,高二2班,2010-02-25,13711311178,马超175@example.com,2024-09-01,北京市海淀区西大街19号,在读,城镇,是,低收入,大专
324,202二07324,吴丽,男,高二,高二3班,2008-10-21,17825062010,吴丽595@example.com,2024-09-01,北京市丰台区西大街65号,转学,农村,是,中等收入,研究生
325,202二07325,孙芳,男,高二,高二6班,2010-11-19,18337389673,孙芳606@example.com,2024-09-01,北京市西城区东大街66号,在读,城镇,是,中等收入,初中
326,202二07326,高轩,男,高二,高二5班,2009-12-12,13546911291,高轩773@example.com,2024-09-01,北京市石景山区幸福路23号,在读,城镇,是,中等收入,研究生
327,202二07327,高雪,女,高二,高二2班,2009-05-17,15988199536,,2024-09-01,北京市东城区南大街77号,在读,农村,是,中等收入,研究生
328,202二07328,周杰,女,高二,高二8班,2008-07-31,18315895295,周杰374@example.com,2024-09-01,北京市石景山区幸福路12号,在读,城镇,否,高收入,本科
329,202二07329,胡静雅,男,高二,高二8班,2010-05-13,15934022531,胡静雅645@example.com,2024-09-01,北京市海淀区科技路84号,休学,农村,否,中等收入,初中
330,202二07330,徐强,女,高二,高二8班,2009-11-04,15014875312,徐强297@example.com,2024-09-01,北京市东城区西大街50号,休学,农村,是,中等收入,研究生
331,202二07331,孙芳,女,高二,高二6班,2007-03-21,18426002748,孙芳192@example.com,2024-09-01,北京市西城区北大街11号,转学,农村,是,中等收入,初中
332,202二07332,高杰,女,高二,高二5班,2010-07-25,13572259593,高杰784@example.com,2024-09-01,北京市海淀区南大街72号,休学,城镇,是,中等收入,高中
333,202二07333,徐敏,女,高二,高二4班,2008-07-13,13888936801,徐敏689@example.com,2024-09-01,北京市西城区科技路64号,在读,城镇,否,低收入,初中
334,202二07334,王宇,女,高二,高二5班,2008-02-18,15091075531,王宇196@example.com,2024-09-01,北京市西城区北大街44号,在读,农村,是,中等收入,初中
335,202二07335,朱英,男,高二,高二3班,2007-08-23,,,2024-09-01,北京市石景山区北大街9号,休学,城镇,是,中等收入,本科
336,202二07336,朱宇,男,高二,高二2班,2007-04-12,18467247749,朱宇319@example.com,2024-09-01,北京市顺义区幸福路16号,在读,农村,是,高收入,本科
337,202二07337,林敏,女,高二,高二5班,2007-09-19,18437931557,林敏723@example.com,2024-09-01,北京市石景山区南大街45号,休学,城镇,否,中等收入,本科
338,202二07338,陈勇,女,高二,高二5班,2009-02-18,18446519694,陈勇645@example.com,2024-09-01,北京市西城区西大街25号,转学,农村,否,中等收入,本科
339,202二08339,高涛,女,高二,高二4班,2008-06-20,13724959480,高涛162@example.com,2024-09-01,北京市西城区幸福路55号,在读,城镇,否,低收入,高中
340,202二08340,林世苗,女,高二,高二4班,2007-04-11,15118277886,林世苗377@example.com,2024-09-01,北京市石景山区西大街71号,休学,农村,否,低收入,高中
341,202二08341,郭玲,女,高二,高二7班,2007-10-13,18788351754,郭玲842@example.com,2024-09-01,北京市西城区幸福路94号,休学,城镇,是,高收入,研究生
342,202二08342,杨强,男,高二,高二3班,2010-10-25,18341155116,杨强689@example.com,2024-09-01,北京市朝阳区幸福路24号,休学,城镇,是,中等收入,本科
343,202二08343,张浩,男,高二,高二6班,2010-06-06,18475990900,张浩769@example.com,2024-09-01,北京市朝阳区幸福路32号,在读,农村,否,中等收入,本科
344,202二08344,李敏,女,高二,高二4班,2007-12-28,18368093131,李敏575@example.com,2024-09-01,北京市丰台区东大街50号,在读,农村,是,中等收入,研究生
345,202二08345,林宇,女,高二,高二4班,2009-06-27,,林宇540@example.com,2024-09-01,北京市海淀区东大街82号,在读,城镇,否,中等收入,高中
346,202二08346,徐敏,女,高二,高二6班,2008-02-28,15085150160,徐敏912@example.com,2024-09-01,北京市朝阳区南大街38号,在读,农村,是,中等收入,本科
347,202二08347,何雪,女,高二,高二1班,2008-09-10,18426197511,何雪273@example.com,2024-09-01,北京市海淀区北大街78号,转学,城镇,否,中等收入,初中
348,202二08348,周超,男,高二,高二4班,2009-06-03,18835514650,周超273@example.com,2024-09-01,北京市顺义区南大街24号,在读,城镇,是,中等收入,高中
349,202二08349,黄超,女,高二,高二3班,2008-06-07,13717076680,黄超432@example.com,2024-09-01,北京市东城区西大街33号,转学,城镇,是,中等收入,高中
350,202二08350,王芳,女,高二,高二1班,2008-01-04,13973245378,王芳310@example.com,2024-09-01,北京市东城区东大街44号,在读,农村,是,中等收入,高中
351,202二08351,孙娜,男,高二,高二6班,2008-03-19,18463336802,孙娜928@example.com,2024-09-01,北京市西城区幸福路88号,在读,农村,否,中等收入,高中
352,202二08352,王超,男,高二,高二8班,2010-01-25,17890315804,王超485@example.com,2024-09-01,北京市丰台区北大街88号,休学,城镇,否,高收入,初中
353,202二08353,朱芳,女,高二,高二2班,2009-07-02,,朱芳972@example.com,2024-09-01,,在读,农村,是,高收入,高中
354,202二08354,黄丽,男,高二,高二6班,2007-05-26,13748929040,,2024-09-01,北京市石景山区东大街87号,在读,城镇,是,中等收入,研究生
355,202二08355,刘涛,男,高二,高二4班,2009-01-18,18789861444,刘涛463@example.com,2024-09-01,北京市石景山区科技路99号,在读,农村,是,中等收入,高中
356,202二08356,何静雅,女,高二,高二2班,2007-01-13,15176491829,何静雅146@example.com,2024-09-01,北京市海淀区北大街35号,在读,城镇,是,低收入,本科
357,202二08357,杨丽,女,高二,高二4班,2008-03-10,18309987927,杨丽187@example.com,2024-09-01,北京市石景山区南大街53号,转学,农村,是,高收入,大专
358,202二08358,高娜,男,高二,高二1班,2007-12-23,18723730216,高娜985@example.com,2024-09-01,北京市西城区科技路60号,在读,城镇,否,中等收入,本科
359,202二08359,徐轩,女,高二,高二4班,2008-03-12,13829921865,徐轩248@example.com,2024-09-01,北京市东城区科技路30号,在读,农村,是,中等收入,初中
360,202二08360,周秀,女,高二,高二7班,2009-08-29,13690250694,周秀941@example.com,2024-09-01,北京市朝阳区东大街35号,转学,城镇,否,中等收入,大专
361,202三01361,刘浩,男,高三,高三3班,2007-10-29,15784971183,刘浩510@example.com,2023-09-01,北京市丰台区南大街1号,在读,农村,否,低收入,高中
362,202三01362,马娜,女,高三,高三5班,2008-04-07,13756431510,马娜129@example.com,2023-09-01,北京市石景山区幸福路2号,在读,城镇,否,高收入,高中
363,202三01363,黄秀,男,高三,高三2班,2007-10-04,17846614446,黄秀659@example.com,2023-09-01,北京市西城区科技路2号,休学,城镇,是,中等收入,研究生
364,202三01364,罗轩,男,高三,高三3班,2008-01-26,18452484825,罗轩169@example.com,2023-09-01,北京市朝阳区西大街40号,在读,农村,否,中等收入,大专
365,202三01365,何磊宇,女,高三,高三2班,2007-07-21,18890537672,何磊宇617@example.com,2023-09-01,北京市顺义区东大街14号,转学,城镇,否,低收入,高中
366,202三01366,李磊宇,女,高三,高三4班,2010-05-01,,李磊宇156@example.com,2023-09-01,,在读,城镇,是,低收入,大专
367,202三01367,李燕,男,高三,高三5班,2009-09-05,13403795635,李燕680@example.com,2023-09-01,,休学,农村,否,中等收入,初中
368,202三01368,张磊宇,女,高三,高三3班,2010-02-01,17809553177,张磊宇827@example.com,2023-09-01,北京市西城区北大街48号,在读,城镇,是,低收入,本科
369,202三01369,陈英,男,高三,高三4班,2010-09-27,13781361193,陈英384@example.com,2023-09-01,北京市石景山区南大街75号,在读,农村,是,中等收入,高中
370,202三01370,何玲,男,高三,高三1班,2009-07-16,15169820637,,2023-09-01,北京市西城区北大街62号,休学,农村,是,中等收入,初中
371,202三01371,张勇,女,高三,高三3班,2007-02-20,15111041672,张勇881@example.com,2023-09-01,北京市石景山区北大街59号,在读,城镇,否,中等收入,高中
372,202三01372,林磊宇,男,高三,高三5班,2008-01-06,15207917906,林磊宇565@example.com,2023-09-01,北京市海淀区东大街24号,转学,城镇,是,中等收入,研究生
373,202三01373,何娜,女,高三,高三6班,2007-11-29,15041814840,何娜383@example.com,2023-09-01,北京市东城区科技路7号,在读,城镇,否,中等收入,高中
374,202三01374,马丽,男,高三,高三2班,2010-12-31,18762987423,马丽938@example.com,2023-09-01,北京市西城区科技路11号,在读,城镇,是,中等收入,高中
375,202三01375,赵静雅,男,高三,高三2班,2008-07-22,13544608181,,2023-09-01,北京市朝阳区幸福路78号,在读,城镇,否,中等收入,大专
376,202三01376,王勇,男,高三,高三5班,2010-05-02,18894848093,王勇255@example.com,2023-09-01,北京市海淀区西大街49号,在读,农村,否,低收入,初中
377,202三01377,杨强,男,高三,高三3班,2010-05-17,18440357029,杨强337@example.com,2023-09-01,,在读,农村,否,中等收入,高中
378,202三01378,孙丽,男,高三,高三1班,2010-01-11,13774949694,孙丽955@example.com,2023-09-01,北京市石景山区东大街64号,在读,城镇,是,中等收入,高中
379,202三01379,罗明,男,高三,高三2班,2010-09-13,,罗明896@example.com,2023-09-01,北京市西城区东大街44号,在读,农村,是,中等收入,初中
380,202三01380,杨丽,女,高三,高三3班,2009-02-11,18843436339,杨丽937@example.com,2023-09-01,北京市顺义区幸福路66号,在读,农村,是,低收入,高中
381,202三01381,赵强,女,高三,高三5班,2008-04-06,15862537961,赵强350@example.com,2023-09-01,北京市丰台区西大街8号,休学,城镇,否,中等收入,初中
382,202三01382,吴燕,女,高三,高三2班,2009-12-07,15257276388,吴燕685@example.com,2023-09-01,北京市海淀区西大街68号,转学,农村,否,高收入,高中
383,202三01383,李雪,男,高三,高三2班,2007-07-04,13636740882,,2023-09-01,北京市石景山区北大街73号,在读,农村,是,中等收入,高中
384,202三02384,王玲,男,高三,高三2班,2008-10-06,18223950870,王玲655@example.com,2023-09-01,北京市海淀区东大街1号,在读,城镇,是,中等收入,本科
385,202三02385,周明,男,高三,高三3班,2010-09-12,15710108542,周明591@example.com,2023-09-01,北京市石景山区北大街77号,在读,城镇,否,中等收入,高中
386,202三02386,吴娜,男,高三,高三4班,2010-02-25,15903326212,吴娜965@example.com,2023-09-01,北京市朝阳区西大街3号,在读,农村,否,低收入,研究生
387,202三02387,马雪,女,高三,高三1班,2009-04-16,,马雪211@example.com,2023-09-01,北京市朝阳区幸福路96号,转学,农村,是,中等收入,研究生
388,202三02388,何静雅,男,高三,高三5班,2007-09-13,18259222068,,2023-09-01,北京市东城区西大街64号,在读,农村,是,中等收入,高中
389,202三02389,陈娜,女,高三,高三5班,2007-05-05,13533319225,陈娜735@example.com,2023-09-01,北京市丰台区东大街10号,在读,城镇,是,高收入,研究生
390,202三02390,胡勇,男,高三,高三2班,2007-01-23,13786872986,胡勇828@example.com,2023-09-01,北京市朝阳区北大街2号,在读,城镇,否,中等收入,研究生
391,202三02391,周强,女,高三,高三6班,2007-11-07,18245937113,周强320@example.com,2023-09-01,北京市东城区南大街28号,休学,农村,否,低收入,初中
392,202三02392,吴娜,男,高三,高三1班,2008-01-15,18219055357,吴娜206@example.com,2023-09-01,北京市丰台区北大街72号,在读,农村,否,高收入,高中
393,202三02393,周敏,女,高三,高三3班,2010-01-05,15701807620,周敏466@example.com,2023-09-01,北京市西城区东大街4号,转学,农村,否,中等收入,高中
394,202三02394,孙强,男,高三,高三4班,2009-09-06,,孙强168@example.com,2023-09-01,北京市顺义区西大街28号,转学,城镇,是,高收入,本科
395,202三02395,罗磊宇,男,高三,高三1班,2007-05-09,13469964322,罗磊宇110@example.com,2023-09-01,北京市海淀区科技路46号,转学,农村,否,中等收入,研究生
396,202三02396,杨芳,女,高三,高三4班,2010-09-14,,杨芳292@example.com,2023-09-01,北京市石景山区南大街71号,在读,农村,是,低收入,本科
397,202三02397,林强,男,高三,高三4班,2007-12-04,15728722148,林强630@example.com,2023-09-01,北京市海淀区北大街25号,在读,农村,是,中等收入,高中
398,202三02398,马磊宇,男,高三,高三3班,2007-05-05,18449403467,马磊宇620@example.com,2023-09-01,北京市顺义区北大街55号,休学,农村,否,高收入,初中
399,202三02399,郭超,女,高三,高三3班,2010-09-09,13898615259,郭超602@example.com,2023-09-01,北京市东城区西大街62号,在读,城镇,否,低收入,高中
400,202三02400,赵敏,男,高三,高三2班,2010-02-19,13720336919,赵敏959@example.com,2023-09-01,北京市石景山区西大街67号,转学,农村,否,低收入,大专
401,202三02401,罗燕,男,高三,高三4班,2007-06-11,15162354002,罗燕664@example.com,2023-09-01,北京市丰台区幸福路18号,在读,农村,是,中等收入,本科
402,202三02402,林英,女,高三,高三4班,2009-10-25,15076943625,林英759@example.com,2023-09-01,北京市丰台区东大街27号,在读,城镇,否,中等收入,大专
403,202三02403,徐世苗,男,高三,高三6班,2008-07-02,13761020179,徐世苗180@example.com,2023-09-01,北京市东城区西大街6号,转学,城镇,否,中等收入,本科
404,202三02404,刘强,男,高三,高三2班,2007-11-18,15793198250,刘强702@example.com,2023-09-01,北京市石景山区东大街75号,在读,农村,是,高收入,初中
405,202三02405,张静雅,男,高三,高三1班,2008-09-18,13669466320,张静雅112@example.com,2023-09-01,北京市朝阳区南大街70号,在读,农村,否,高收入,研究生
406,202三03406,马秀,女,高三,高三3班,2010-09-15,13856089816,马秀631@example.com,2023-09-01,北京市石景山区南大街70号,在读,城镇,是,中等收入,高中
407,202三03407,刘明,男,高三,高三2班,2010-04-25,15086671958,刘明716@example.com,2023-09-01,北京市东城区南大街7号,在读,农村,是,中等收入,本科
408,202三03408,罗宇,女,高三,高三4班,2010-06-15,18228581809,罗宇144@example.com,2023-09-01,,在读,城镇,否,低收入,初中
409,202三03409,郭轩,女,高三,高三5班,2009-12-24,13563682626,郭轩194@example.com,2023-09-01,北京市东城区南大街75号,转学,城镇,否,中等收入,高中
410,202三03410,孙敏,女,高三,高三4班,2009-02-15,18892792573,孙敏614@example.com,2023-09-01,北京市西城区东大街40号,在读,农村,是,中等收入,大专
411,202三03411,高轩,女,高三,高三5班,2010-10-26,18307708457,高轩585@example.com,2023-09-01,北京市丰台区西大街74号,休学,农村,是,高收入,高中
412,202三03412,林芳,女,高三,高三4班,2009-06-15,13559989885,林芳609@example.com,2023-09-01,北京市丰台区西大街59号,在读,农村,否,中等收入,高中
413,202三03413,高浩,女,高三,高三3班,2008-02-29,13979562194,高浩966@example.com,2023-09-01,北京市西城区北大街93号,在读,城镇,是,中等收入,初中
414,202三03414,李轩,女,高三,高三6班,2008-12-10,18746955831,李轩496@example.com,2023-09-01,北京市西城区东大街73号,在读,农村,否,中等收入,本科
415,202三03415,王宇,男,高三,高三3班,2008-01-05,13812182234,王宇990@example.com,2023-09-01,北京市西城区幸福路5号,在读,城镇,是,中等收入,大专
416,202三03416,黄静雅,男,高三,高三5班,2007-07-17,18322807187,黄静雅390@example.com,2023-09-01,北京市东城区南大街7号,休学,农村,是,中等收入,高中
417,202三03417,朱静雅,女,高三,高三4班,2010-09-30,15187093241,朱静雅680@example.com,2023-09-01,,在读,城镇,是,中等收入,初中
418,202三03418,马英,男,高三,高三5班,2010-05-05,15829054099,马英616@example.com,2023-09-01,北京市海淀区北大街2号,在读,城镇,否,低收入,高中
419,202三03419,刘玲,男,高三,高三1班,2007-03-25,17885376935,刘玲244@example.com,2023-09-01,北京市顺义区北大街63号,在读,农村,否,中等收入,研究生
420,202三03420,高超,男,高三,高三6班,2010-06-22,15275878382,高超551@example.com,2023-09-01,北京市石景山区科技路74号,在读,城镇,否,中等收入,本科
421,202三03421,林雪,男,高三,高三2班,2010-06-10,15222763481,林雪482@example.com,2023-09-01,北京市朝阳区幸福路94号,在读,城镇,是,低收入,大专
422,202三03422,罗燕,女,高三,高三3班,2007-01-02,13895720854,罗燕299@example.com,2023-09-01,北京市东城区北大街83号,在读,农村,是,中等收入,大专
423,202三03423,林轩,女,高三,高三1班,2009-03-31,18368202495,林轩911@example.com,2023-09-01,北京市朝阳区东大街74号,在读,城镇,是,低收入,高中
424,202三03424,林雪,男,高三,高三3班,2009-01-07,13477618444,林雪520@example.com,2023-09-01,北京市西城区幸福路74号,休学,城镇,否,低收入,高中
425,202三03425,罗浩,男,高三,高三1班,2008-05-18,13907698139,罗浩391@example.com,2023-09-01,北京市东城区科技路100号,休学,城镇,是,中等收入,研究生
426,202三03426,朱勇,女,高三,高三1班,2010-03-20,15718342429,朱勇969@example.com,2023-09-01,北京市海淀区幸福路63号,在读,城镇,是,中等收入,高中
427,202三03427,林超,女,高三,高三1班,2007-12-30,13884876660,林超248@example.com,2023-09-01,北京市石景山区西大街77号,在读,城镇,否,中等收入,大专
428,202三03428,赵勇,女,高三,高三6班,2008-05-21,15055801442,赵勇294@example.com,2023-09-01,北京市石景山区北大街77号,转学,城镇,否,中等收入,本科
429,202三03429,朱玲,男,高三,高三2班,2007-10-14,18775096284,朱玲665@example.com,2023-09-01,北京市朝阳区西大街21号,在读,城镇,是,中等收入,大专
430,202三03430,陈燕,女,高三,高三1班,2008-06-05,13499347951,陈燕675@example.com,2023-09-01,北京市顺义区北大街92号,在读,农村,否,高收入,高中
431,202三04431,何娜,男,高三,高三3班,2010-05-18,18244072858,何娜785@example.com,2023-09-01,北京市顺义区科技路42号,转学,农村,是,低收入,研究生
432,202三04432,王强,男,高三,高三2班,2008-01-11,18816439108,王强378@example.com,2023-09-01,北京市朝阳区西大街79号,在读,城镇,否,中等收入,本科
433,202三04433,吴丽,男,高三,高三2班,2008-12-02,18435505390,吴丽785@example.com,2023-09-01,北京市朝阳区南大街92号,在读,农村,是,低收入,高中
434,202三04434,朱浩,女,高三,高三5班,2008-11-18,18264071584,朱浩213@example.com,2023-09-01,北京市顺义区幸福路37号,在读,农村,否,中等收入,高中
435,202三04435,何强,男,高三,高三4班,2010-10-26,13463830788,何强786@example.com,2023-09-01,北京市石景山区南大街84号,在读,城镇,否,中等收入,研究生
436,202三04436,杨芳,女,高三,高三4班,2009-08-30,,,2023-09-01,北京市朝阳区南大街26号,转学,城镇,否,中等收入,高中
437,202三04437,张宇,男,高三,高三4班,2009-10-15,13716987932,张宇943@example.com,2023-09-01,北京市顺义区科技路19号,休学,城镇,否,高收入,大专
438,202三04438,黄涛,女,高三,高三1班,2008-09-29,17847241553,黄涛650@example.com,2023-09-01,北京市朝阳区北大街27号,在读,农村,是,中等收入,高中
439,202三04439,陈强,男,高三,高三5班,2010-11-05,15885808603,陈强214@example.com,2023-09-01,北京市石景山区幸福路94号,休学,城镇,否,低收入,初中
440,202三04440,朱敏,男,高三,高三5班,2008-12-11,18238304176,,2023-09-01,北京市丰台区科技路63号,休学,城镇,否,中等收入,研究生
441,202三04441,陈宇,男,高三,高三1班,2009-12-24,15871966299,陈宇831@example.com,2023-09-01,北京市东城区西大街74号,在读,城镇,是,中等收入,初中
442,202三04442,黄轩,男,高三,高三3班,2010-03-20,13867933356,,2023-09-01,北京市石景山区科技路95号,在读,城镇,是,低收入,高中
443,202三04443,黄杰,女,高三,高三1班,2010-08-16,15283576649,黄杰691@example.com,2023-09-01,北京市石景山区幸福路68号,休学,农村,是,中等收入,高中
444,202三04444,何雪,女,高三,高三2班,2007-01-23,,何雪183@example.com,2023-09-01,北京市顺义区科技路88号,转学,农村,是,中等收入,初中
445,202三04445,何丽,女,高三,高三2班,2008-12-26,18220986907,何丽194@example.com,2023-09-01,北京市海淀区北大街86号,转学,城镇,否,低收入,本科
446,202三04446,徐雪,男,高三,高三1班,2009-06-17,18337253770,徐雪486@example.com,2023-09-01,北京市丰台区西大街25号,转学,城镇,是,高收入,大专
447,202三04447,朱明,男,高三,高三6班,2007-12-31,18817380312,朱明382@example.com,2023-09-01,北京市丰台区南大街31号,转学,农村,否,低收入,高中
448,202三04448,朱娜,男,高三,高三5班,2008-04-09,17868371919,朱娜750@example.com,2023-09-01,,在读,城镇,否,中等收入,本科
449,202三04449,高涛,女,高三,高三1班,2010-08-18,18387258699,高涛700@example.com,2023-09-01,北京市石景山区南大街86号,在读,城镇,是,高收入,研究生
450,202三04450,何明,女,高三,高三6班,2010-03-12,15908232879,何明522@example.com,2023-09-01,北京市西城区东大街24号,在读,农村,否,中等收入,初中
451,202三04451,周英,女,高三,高三2班,2008-08-17,15168982462,周英502@example.com,2023-09-01,北京市丰台区南大街45号,在读,城镇,否,中等收入,本科
452,202三04452,胡丽,男,高三,高三4班,2008-02-20,13677391591,胡丽236@example.com,2023-09-01,北京市丰台区东大街80号,在读,农村,否,中等收入,高中
453,202三05453,朱明,男,高三,高三3班,2008-09-05,15977997843,朱明998@example.com,2023-09-01,北京市顺义区北大街10号,在读,城镇,否,低收入,研究生
454,202三05454,陈轩,男,高三,高三3班,2010-09-27,13802509804,陈轩430@example.com,2023-09-01,北京市西城区南大街61号,在读,城镇,是,中等收入,本科
455,202三05455,李磊宇,女,高三,高三2班,2009-10-24,18816416458,李磊宇504@example.com,2023-09-01,北京市海淀区南大街64号,在读,城镇,否,中等收入,本科
456,202三05456,李静雅,女,高三,高三4班,2007-12-16,15161706289,李静雅264@example.com,2023-09-01,北京市顺义区幸福路96号,转学,农村,否,中等收入,高中
457,202三05457,吴世苗,女,高三,高三2班,2009-09-23,15198025529,吴世苗428@example.com,2023-09-01,北京市石景山区西大街58号,休学,农村,是,中等收入,高中
458,202三05458,杨玲,男,高三,高三5班,2010-01-19,18494570335,杨玲717@example.com,2023-09-01,北京市顺义区科技路51号,转学,城镇,是,中等收入,研究生
459,202三05459,黄雪,女,高三,高三5班,2008-10-28,15225345241,黄雪725@example.com,2023-09-01,,在读,农村,否,高收入,初中
460,202三05460,罗浩,女,高三,高三4班,2009-12-14,18447278432,罗浩688@example.com,2023-09-01,北京市海淀区西大街66号,转学,城镇,否,中等收入,大专
461,202三05461,徐敏,女,高三,高三2班,2009-08-12,13575951387,徐敏399@example.com,2023-09-01,北京市东城区东大街1号,在读,城镇,否,低收入,本科
462,202三05462,胡敏,女,高三,高三6班,2007-08-20,18496975149,胡敏628@example.com,2023-09-01,北京市朝阳区南大街65号,在读,城镇,是,高收入,高中
463,202三05463,刘涛,男,高三,高三6班,2007-11-24,15090146063,刘涛786@example.com,2023-09-01,北京市顺义区科技路20号,在读,城镇,是,中等收入,高中
464,202三05464,李世苗,女,高三,高三2班,2009-09-24,18257172349,李世苗575@example.com,2023-09-01,北京市朝阳区科技路23号,在读,城镇,否,低收入,初中
465,202三05465,周磊宇,男,高三,高三1班,2007-07-11,15763463686,周磊宇328@example.com,2023-09-01,北京市西城区西大街23号,在读,农村,否,中等收入,大专
466,202三05466,王雪,男,高三,高三1班,2008-04-25,18207423417,王雪288@example.com,2023-09-01,北京市丰台区科技路56号,休学,农村,是,中等收入,高中
467,202三05467,胡静雅,男,高三,高三5班,2007-07-18,18473065561,胡静雅216@example.com,2023-09-01,北京市东城区东大街69号,在读,农村,是,低收入,大专
468,202三05468,罗敏,男,高三,高三1班,2008-08-15,13471097795,,2023-09-01,北京市朝阳区科技路78号,在读,农村,否,中等收入,大专
469,202三05469,罗英,男,高三,高三5班,2008-05-19,18756932438,罗英231@example.com,2023-09-01,北京市顺义区幸福路65号,在读,城镇,否,低收入,初中
470,202三05470,胡超,男,高三,高三2班,2007-08-29,13896939453,胡超673@example.com,2023-09-01,北京市东城区西大街80号,转学,城镇,是,中等收入,高中
471,202三05471,刘勇,男,高三,高三5班,2010-11-03,15973490660,刘勇782@example.com,2023-09-01,北京市丰台区南大街40号,休学,农村,否,中等收入,研究生
472,202三05472,张玲,男,高三,高三1班,2008-07-11,13497963282,张玲210@example.com,2023-09-01,北京市朝阳区南大街82号,在读,农村,否,中等收入,本科
473,202三05473,黄磊宇,男,高三,高三4班,2007-05-03,17801625245,黄磊宇253@example.com,2023-09-01,北京市顺义区幸福路22号,休学,城镇,是,低收入,本科
474,202三05474,何宇,女,高三,高三6班,2007-02-25,13988224816,何宇361@example.com,2023-09-01,北京市朝阳区南大街52号,在读,农村,否,中等收入,本科
475,202三06475,周宇,男,高三,高三4班,2007-09-20,13422693853,周宇642@example.com,2023-09-01,北京市丰台区幸福路35号,在读,农村,否,高收入,初中
476,202三06476,罗勇,女,高三,高三5班,2008-02-20,13500892155,罗勇455@example.com,2023-09-01,北京市海淀区东大街21号,休学,农村,是,中等收入,初中
477,202三06477,朱明,男,高三,高三4班,2007-01-23,13588922682,朱明347@example.com,2023-09-01,北京市丰台区东大街28号,在读,城镇,是,中等收入,高中
478,202三06478,黄秀,女,高三,高三3班,2007-07-17,17899272533,黄秀218@example.com,2023-09-01,北京市朝阳区幸福路5号,在读,城镇,否,中等收入,高中
479,202三06479,吴英,女,高三,高三5班,2009-04-20,17897060534,吴英160@example.com,2023-09-01,,转学,农村,是,低收入,研究生
480,202三06480,赵英,男,高三,高三3班,2007-01-09,15931561571,赵英222@example.com,2023-09-01,北京市东城区东大街67号,在读,农村,否,低收入,初中
481,202三06481,何娜,女,高三,高三2班,2007-12-08,13458557306,何娜441@example.com,2023-09-01,北京市丰台区西大街21号,在读,城镇,是,中等收入,高中
482,202三06482,徐勇,女,高三,高三5班,2010-03-06,15066654828,徐勇196@example.com,2023-09-01,北京市丰台区科技路38号,在读,城镇,否,中等收入,研究生
483,202三06483,高芳,女,高三,高三3班,2010-02-09,13945047363,高芳301@example.com,2023-09-01,北京市东城区东大街97号,转学,农村,是,中等收入,本科
484,202三06484,马勇,男,高三,高三1班,2007-07-06,17875093770,马勇242@example.com,2023-09-01,北京市石景山区东大街29号,在读,城镇,是,高收入,研究生
485,202三06485,王超,女,高三,高三1班,2009-07-14,13867946496,,2023-09-01,北京市丰台区东大街12号,休学,城镇,否,中等收入,高中
486,202三06486,何明,女,高三,高三2班,2008-09-08,15790534421,何明803@example.com,2023-09-01,北京市海淀区科技路52号,休学,城镇,否,高收入,高中
487,202三06487,刘敏,女,高三,高三1班,2008-07-21,15766667466,刘敏956@example.com,2023-09-01,北京市石景山区北大街33号,转学,城镇,是,中等收入,高中
488,202三06488,郭超,男,高三,高三6班,2008-08-20,15701172023,郭超420@example.com,2023-09-01,北京市丰台区幸福路84号,转学,农村,是,高收入,高中
489,202三06489,徐玲,男,高三,高三5班,2008-08-08,,徐玲702@example.com,2023-09-01,北京市东城区东大街84号,在读,城镇,是,高收入,初中
490,202三06490,罗娜,男,高三,高三3班,2007-12-09,15294411801,罗娜995@example.com,2023-09-01,北京市东城区东大街94号,在读,农村,是,低收入,初中
491,202三06491,黄超,女,高三,高三3班,2010-07-11,13980036372,黄超336@example.com,2023-09-01,北京市朝阳区南大街8号,在读,农村,否,低收入,研究生
492,202三06492,郭玲,女,高三,高三5班,2009-10-13,13993229567,郭玲390@example.com,2023-09-01,北京市石景山区北大街97号,在读,农村,否,高收入,高中
493,202三06493,陈磊宇,男,高三,高三6班,2009-12-27,,陈磊宇103@example.com,2023-09-01,北京市西城区幸福路13号,在读,农村,是,高收入,高中
494,202三06494,孙秀,男,高三,高三5班,2008-11-10,,孙秀912@example.com,2023-09-01,北京市海淀区科技路99号,在读,城镇,是,中等收入,初中
495,202三06495,王浩,女,高三,高三4班,2007-10-19,15884984176,王浩937@example.com,2023-09-01,北京市朝阳区幸福路52号,在读,城镇,是,高收入,大专
496,202三06496,林超,女,高三,高三6班,2008-02-16,15008058818,林超950@example.com,2023-09-01,北京市丰台区幸福路28号,在读,城镇,否,中等收入,高中
497,202三06497,胡浩,女,高三,高三6班,2010-09-06,18747534231,胡浩263@example.com,2023-09-01,北京市石景山区东大街95号,在读,农村,是,中等收入,大专
498,202三07498,朱芳,男,高三,高三1班,2008-07-21,13469400329,,2023-09-01,北京市东城区东大街18号,在读,农村,否,高收入,研究生
499,202三07499,刘敏,男,高三,高三1班,2007-01-24,15774649908,,2023-09-01,北京市海淀区北大街86号,在读,农村,否,中等收入,本科
500,202三07500,郭燕,男,高三,高三1班,2007-06-04,15237968118,郭燕626@example.com,2023-09-01,北京市海淀区东大街8号,在读,城镇,是,低收入,本科
